"est","B","lInf","lSup"
0.52957264957265,0.0506659495702338,0.478906700002416,0.580238599142883
8.3242735042735,0.905902381341868,7.41837112293164,9.23017588561537
0.519306184012066,0.0510155561548747,0.468290627857192,0.570321740166941
4.29425842131725,0.637821991552129,3.65643642976512,4.93208041286937
0.367702362996481,0.0462766415474156,0.321425721449065,0.413979004543896
